<?xml version="1.0" encoding="UTF-8"?>
<MF0 version="1.1" packageUris="http://schema.mathworks.com/mf0/ci/19700101 http://schema.mathworks.com/mf0/sl_modelref_info/R2022b http://schema.mathworks.com/mf0/slexec_mm_sto/R2022b_202202091112 http://schema.mathworks.com/mf0/sltp_mm/R2022b_202203181029">
  <ModelRefInfoRepo.ModelRefInfoRoot type="ModelRefInfoRepo.ModelRefInfoRoot" uuid="24345ab0-cf8a-4b29-bca4-2d5aaa04d408">
    <allEdges type="ModelRefInfoRepo.SampleTimeGraphEdge" uuid="8c86a4eb-9a78-4542-9cde-84a0eabee9bc">
      <srcNodeIdx>1</srcNodeIdx>
    </allEdges>
    <childModelRefInfo type="ModelRefInfoRepo.ChildModelRefInfo" uuid="eed1d21f-1e55-4786-82c1-76a955a617e6">
      <modelName>SOA_demo_codegen</modelName>
      <modelPath>SOA_demo_codegen</modelPath>
    </childModelRefInfo>
    <compToGrOutputPortMaps type="ModelRefInfoRepo.GrCompIOPortMaps" uuid="6fa8410f-9b66-4e61-b837-7bcf1322e589">
      <grAndCompPorts>0</grAndCompPorts>
      <grAndCompPorts>0</grAndCompPorts>
    </compToGrOutputPortMaps>
    <dataTransferInfos>AAFJTQAAAAAOAAAAOAAAAAYAAAAIAAAAAgAAAAAAAAAFAAAACAAAAAAAAAABAAAAAQAAAAAAAAAFAAQAAQAAAAEAAAAAAAAA</dataTransferInfos>
    <fcnCallPortGroups type="ModelRefInfoRepo.FcnCallPortGroup" uuid="8292c2ba-6327-40c0-b024-c818e9b0f099">
      <compFcnCallInputPort>-2</compFcnCallInputPort>
      <fcnCallInputPort>-2</fcnCallInputPort>
      <hasDisableMethod>true</hasDisableMethod>
      <hasEnableMethod>true</hasEnableMethod>
      <isSimulinkFunction>true</isSimulinkFunction>
      <schedulingPriority>2147483647</schedulingPriority>
      <taskPriority>-1</taskPriority>
      <tid>1</tid>
      <compDataOutputPorts>0</compDataOutputPorts>
      <dataOutputPorts>0</dataOutputPorts>
      <preCompRateSpec type="ModelRefInfoRepo.RateSpec" uuid="e8541ed9-fefb-45e3-92a7-5251d27cc6fe">
        <period>-1.0</period>
      </preCompRateSpec>
      <simulinkFunctionName type="ModelRefInfoRepo.QualifiedFunctionName" uuid="c4c46e33-cf45-40ea-ac06-f9327c2b6857">
        <fullPathToFunction>SOA_demo_codegen/a_f</fullPathToFunction>
        <functionName>f</functionName>
      </simulinkFunctionName>
    </fcnCallPortGroups>
    <fundamentalSampleTimePeriod>.2</fundamentalSampleTimePeriod>
    <grToCompOutputPortsMaps type="ModelRefInfoRepo.GrCompIOPortMaps" uuid="a5cb8083-9081-4c86-be78-a3879b471879">
      <grAndCompPorts>0</grAndCompPorts>
      <grAndCompPorts>0</grAndCompPorts>
    </grToCompOutputPortsMaps>
    <hasBwsAccessed>true</hasBwsAccessed>
    <hasBwsAccessedByAnyModel>true</hasBwsAccessedByAnyModel>
    <hasStatesModifiedInOutputUpdate>true</hasStatesModifiedInOutputUpdate>
    <isBdInSimModeForSimCodegenVariants>false</isBdInSimModeForSimCodegenVariants>
    <isInlineParamsOn>true</isInlineParamsOn>
    <isOrigOutportVirtualBus>true</isOrigOutportVirtualBus>
    <loggingSaveFormat>2</loggingSaveFormat>
    <maxFreqHz>-1.0</maxFreqHz>
    <numDataInputPorts>0</numDataInputPorts>
    <numLoggableJacobianDStates>0</numLoggableJacobianDStates>
    <origOutportBusOutputAsStruct>false</origOutportBusOutputAsStruct>
    <origOutportBusType></origOutportBusType>
    <outports type="ModelRefInfoRepo.OutportInformation" uuid="57add0e3-45ae-446e-9a22-ea8e8e737751">
      <drivenByBlockOutputPotentiallyNotUpdateAtRunTime>true</drivenByBlockOutputPotentiallyNotUpdateAtRunTime>
      <hasSystemInitMethod>true</hasSystemInitMethod>
      <designMax>inf</designMax>
      <designMin>-inf</designMin>
      <rateInfos type="ModelRefInfoRepo.RateInfo">
        <compiled>true</compiled>
        <needAbsoluteTime>true</needAbsoluteTime>
        <offset>-2.0</offset>
        <priority>40</priority>
        <rateIdx>1</rateIdx>
        <taskedExplicitly>true</taskedExplicitly>
      </rateInfos>
      <resolvedSignalObject></resolvedSignalObject>
      <executionInterface type="ModelRefInfoRepo.OutputExecutionInterface" uuid="03908b09-80f9-422c-a507-a6a7bb8e7584"/>
      <sigNameToEMVCEMap type="ModelRefInfoRepo.SigNameEMVCEInfo" uuid="9a2d2155-2481-45ab-a413-49356b5d5fd1"/>
    </outports>
    <removeResetFunc>true</removeResetFunc>
    <runtimeNonFcnCallRateInfos type="ModelRefInfoRepo.RateInfo">
      <compiled>true</compiled>
      <isEmpty>true</isEmpty>
      <period>.2</period>
      <priority>40</priority>
      <rateIdx>0</rateIdx>
    </runtimeNonFcnCallRateInfos>
    <sampleTimeInheritanceRule>2</sampleTimeInheritanceRule>
    <solverStatusFlags>335</solverStatusFlags>
    <timingAndTaskingRegistry>&lt;?xml version=&quot;1.0&quot;?&gt;
&lt;slexec_sto version=&quot;1.1&quot; packageUris=&quot;http://schema.mathworks.com/mf0/slexec_mm_sto/R2022b_202202091112&quot;&gt;
  &lt;sto.Registry type=&quot;sto.Registry&quot; uuid=&quot;7f10073f-8dee-43b2-9b7b-64853161b1c9&quot;&gt;
    &lt;executionSpec&gt;Undetermined&lt;/executionSpec&gt;
    &lt;clockRegistry type=&quot;sto.ClockRegistry&quot; uuid=&quot;a629d38b-d10f-4a80-b5ff-7c1a18286740&quot;&gt;
      &lt;clocks type=&quot;sto.Timer&quot; uuid=&quot;34bd6056-2979-44ca-b617-640c34b2e5f8&quot;&gt;
        &lt;clockTickConstraint&gt;PeriodicWithFixedResolution&lt;/clockTickConstraint&gt;
        &lt;computedFundamentalDiscretePeriod&gt;.2&lt;/computedFundamentalDiscretePeriod&gt;
        &lt;resolution&gt;.2&lt;/resolution&gt;
        &lt;timeAdvanceMode&gt;FixedStep&lt;/timeAdvanceMode&gt;
        &lt;rates type=&quot;sto.ClassicPeriodicDiscreteRate&quot; uuid=&quot;202b80fe-d9c5-42e5-a6cf-b81c5abfe033&quot;&gt;
          &lt;annotation&gt;D1&lt;/annotation&gt;
          &lt;colorIndex&gt;2&lt;/colorIndex&gt;
          &lt;description&gt;Discrete 1&lt;/description&gt;
          &lt;taskId&gt;_task0&lt;/taskId&gt;
          &lt;rateSpec type=&quot;sto.RateSpec&quot; uuid=&quot;fb0ed4f3-ef0c-4ea9-95f7-b18021beefd4&quot;&gt;
            &lt;period&gt;.2&lt;/period&gt;
            &lt;rateType&gt;ClassicPeriodicDiscrete&lt;/rateType&gt;
          &lt;/rateSpec&gt;
        &lt;/rates&gt;
        &lt;baseRate type=&quot;sto.ClassicPeriodicDiscreteRate&quot; uuid=&quot;75923023-991d-4729-8393-3c824e2596f3&quot;&gt;
          &lt;annotation&gt;D1&lt;/annotation&gt;
          &lt;colorIndex&gt;2&lt;/colorIndex&gt;
          &lt;description&gt;Discrete 1&lt;/description&gt;
          &lt;taskId&gt;_task0&lt;/taskId&gt;
          &lt;rateSpec type=&quot;sto.RateSpec&quot; uuid=&quot;16901198-e37f-40bc-a52a-25331cb80fb8&quot;&gt;
            &lt;period&gt;.2&lt;/period&gt;
            &lt;rateType&gt;ClassicPeriodicDiscrete&lt;/rateType&gt;
          &lt;/rateSpec&gt;
        &lt;/baseRate&gt;
      &lt;/clocks&gt;
      &lt;clocks type=&quot;sto.Event&quot; uuid=&quot;36a07944-76f9-4e9a-b465-b6afe41b504b&quot;&gt;
        &lt;eventType&gt;EXPORT_ASYNCHRONOUS&lt;/eventType&gt;
        &lt;cNum&gt;1&lt;/cNum&gt;
        &lt;clockType&gt;Event&lt;/clockType&gt;
        &lt;identifier&gt;SOA_demo_codegen/Simulink Function,0,0&lt;/identifier&gt;
        &lt;rates type=&quot;sto.LegacyAsyncRate&quot; uuid=&quot;4c536baf-a504-40b5-9aa5-678f865e945e&quot;&gt;
          &lt;annotation&gt;F0&lt;/annotation&gt;
          &lt;clockId&gt;SOA_demo_codegen/Simulink Function,0,0&lt;/clockId&gt;
          &lt;colorIndex&gt;23&lt;/colorIndex&gt;
          &lt;description&gt;Exported Inherit&lt;/description&gt;
          &lt;rateIdx&gt;1&lt;/rateIdx&gt;
          &lt;taskId&gt;SOA_demo_codegen/Simulink Function,0,0.ExplicitTask0&lt;/taskId&gt;
          &lt;rateSpec type=&quot;sto.RateSpec&quot; uuid=&quot;4fe84338-6a1a-4064-bfcd-869953111c39&quot;&gt;
            &lt;offset&gt;-2.0&lt;/offset&gt;
            &lt;period&gt;-1.0&lt;/period&gt;
            &lt;rateType&gt;LegacyAsync&lt;/rateType&gt;
          &lt;/rateSpec&gt;
        &lt;/rates&gt;
      &lt;/clocks&gt;
      &lt;timeAdvanceMode&gt;FixedStep&lt;/timeAdvanceMode&gt;
    &lt;/clockRegistry&gt;
    &lt;taskRegistry type=&quot;sto.TaskRegistry&quot; uuid=&quot;2f0d980f-c5e5-426c-8d6d-84766d8f0856&quot;&gt;
      &lt;rootTaskHierarchyElements type=&quot;sto.Task&quot; uuid=&quot;083a8aa0-88eb-4eb7-b25b-fe93bf71f970&quot;&gt;
        &lt;isExecutable&gt;true&lt;/isExecutable&gt;
        &lt;isExplicit&gt;true&lt;/isExplicit&gt;
        &lt;rates type=&quot;sto.LegacyAsyncRate&quot; uuid=&quot;71b7e9ea-225c-4d29-8278-be2d7faef031&quot;&gt;
          &lt;annotation&gt;F0&lt;/annotation&gt;
          &lt;clockId&gt;SOA_demo_codegen/Simulink Function,0,0&lt;/clockId&gt;
          &lt;colorIndex&gt;23&lt;/colorIndex&gt;
          &lt;description&gt;Exported Inherit&lt;/description&gt;
          &lt;rateIdx&gt;1&lt;/rateIdx&gt;
          &lt;taskId&gt;SOA_demo_codegen/Simulink Function,0,0.ExplicitTask0&lt;/taskId&gt;
          &lt;rateSpec type=&quot;sto.RateSpec&quot; uuid=&quot;19f46d8c-b318-4bf1-b736-80e4fcfe872e&quot;&gt;
            &lt;offset&gt;-2.0&lt;/offset&gt;
            &lt;period&gt;-1.0&lt;/period&gt;
            &lt;rateType&gt;LegacyAsync&lt;/rateType&gt;
          &lt;/rateSpec&gt;
        &lt;/rates&gt;
        &lt;schedulingClockId&gt;SOA_demo_codegen/Simulink Function,0,0&lt;/schedulingClockId&gt;
        &lt;tNum&gt;1&lt;/tNum&gt;
        &lt;elementType&gt;Task&lt;/elementType&gt;
        &lt;identifier&gt;SOA_demo_codegen/Simulink Function,0,0.ExplicitTask0&lt;/identifier&gt;
        &lt;priority&gt;40&lt;/priority&gt;
      &lt;/rootTaskHierarchyElements&gt;
      &lt;rootTaskHierarchyElements type=&quot;sto.Task&quot; uuid=&quot;20dbecd6-168a-4b41-b055-95638ca5f4dc&quot;&gt;
        &lt;isExecutable&gt;true&lt;/isExecutable&gt;
        &lt;rates type=&quot;sto.ClassicPeriodicDiscreteRate&quot; uuid=&quot;6fa4ed40-9b67-4081-a70d-1c16afbb11b1&quot;&gt;
          &lt;annotation&gt;D1&lt;/annotation&gt;
          &lt;colorIndex&gt;2&lt;/colorIndex&gt;
          &lt;description&gt;Discrete 1&lt;/description&gt;
          &lt;taskId&gt;_task0&lt;/taskId&gt;
          &lt;rateSpec type=&quot;sto.RateSpec&quot; uuid=&quot;e6df305b-418c-454a-8da8-31355a8f817e&quot;&gt;
            &lt;period&gt;.2&lt;/period&gt;
            &lt;rateType&gt;ClassicPeriodicDiscrete&lt;/rateType&gt;
          &lt;/rateSpec&gt;
        &lt;/rates&gt;
        &lt;elementType&gt;Task&lt;/elementType&gt;
        &lt;identifier&gt;_task0&lt;/identifier&gt;
        &lt;priority&gt;40&lt;/priority&gt;
      &lt;/rootTaskHierarchyElements&gt;
      &lt;taskDependencyGraph type=&quot;sto.SerializedTaskConnectionList&quot; uuid=&quot;d921450b-fbfa-4ef3-bf5d-45e980f9d913&quot;&gt;
        &lt;taskIdentifier&gt;_task0&lt;/taskIdentifier&gt;
      &lt;/taskDependencyGraph&gt;
      &lt;taskDependencyGraph type=&quot;sto.SerializedTaskConnectionList&quot; uuid=&quot;30f12b64-adec-4f78-8131-a10b2a352c68&quot;&gt;
        &lt;clockIdentifier&gt;SOA_demo_codegen/Simulink Function,0,0&lt;/clockIdentifier&gt;
        &lt;taskIdentifier&gt;SOA_demo_codegen/Simulink Function,0,0.ExplicitTask0&lt;/taskIdentifier&gt;
      &lt;/taskDependencyGraph&gt;
      &lt;taskPriorityDirection&gt;HighNumberLast&lt;/taskPriorityDirection&gt;
    &lt;/taskRegistry&gt;
  &lt;/sto.Registry&gt;
&lt;/slexec_sto&gt;</timingAndTaskingRegistry>
    <zeroInternalMemoryAtStartupUnchecked>true</zeroInternalMemoryAtStartupUnchecked>
    <FMUBlockMap type="ModelRefInfoRepo.FMUBlockInfo" uuid="85097992-4bbe-4908-a4f0-b53abaea58fa"/>
    <codeGenInfo type="ModelRefInfoRepo.CodeGenInformation" uuid="85900a78-88e1-4272-a645-957ba15c7d3a"/>
    <compiledVariantInfos type="ModelRefInfoRepo.CompiledVariantInfoMap" uuid="c32b0ec1-8f2a-4910-b60e-8b3ab47e155b"/>
    <configSettingsForConsistencyChecks type="ModelRefInfoRepo.ConfigSettingsForConsistencyChecks" uuid="0297cff2-52d4-4d5a-95a3-22d3f079b282">
      <consistentOutportInitialization>true</consistentOutportInitialization>
      <fixedStepSize>.2</fixedStepSize>
      <frameDiagnosticSetting>2</frameDiagnosticSetting>
      <isExportFcnDiagram>true</isExportFcnDiagram>
      <isRateGrouped>true</isRateGrouped>
      <optimizedInitCode>true</optimizedInitCode>
      <signalLoggingSaveFormat>2</signalLoggingSaveFormat>
      <simSIMDOptimization>1</simSIMDOptimization>
      <solverMode>SOLVER_MODE_MULTITASKING</solverMode>
      <solverName>FixedStepDiscrete</solverName>
      <solverType>SOLVER_TYPE_FIXEDSTEP</solverType>
      <hardwareSettings type="ModelRefInfoRepo.HardwareSettings" uuid="3251a9f4-49e8-4da5-9f29-e1e60f6e96ee">
        <prodBitPerChar>8</prodBitPerChar>
        <prodBitPerDouble>64</prodBitPerDouble>
        <prodBitPerFloat>32</prodBitPerFloat>
        <prodBitPerInt>32</prodBitPerInt>
        <prodBitPerLong>32</prodBitPerLong>
        <prodBitPerLongLong>64</prodBitPerLongLong>
        <prodBitPerPointer>64</prodBitPerPointer>
        <prodBitPerPtrDiffT>64</prodBitPerPtrDiffT>
        <prodBitPerShort>16</prodBitPerShort>
        <prodBitPerSizeT>64</prodBitPerSizeT>
        <prodEndianess>1</prodEndianess>
        <prodShiftRight>true</prodShiftRight>
        <prodWordSize>64</prodWordSize>
      </hardwareSettings>
    </configSettingsForConsistencyChecks>
    <controllableInputRatesMap type="ModelRefInfoRepo.VarTsUIDMap" uuid="e6ab6c0b-99e0-4d84-9e79-7c3e9161b838"/>
    <controllableOutputRatesMap type="ModelRefInfoRepo.VarTsUIDMap" uuid="0398cba4-65d5-48b9-ac4b-f9a31f219ac3"/>
    <dataPortGroup type="ModelRefInfoRepo.DataPortGroup" uuid="8bf15930-dc59-4c41-8953-1b398e682481"/>
    <expFcnUnconnectedDataPortGroup type="ModelRefInfoRepo.DataPortGroup" uuid="11984992-28f2-4184-86ec-44b7dc1a2998"/>
    <interfaceParameterInfo type="ModelRefInfoRepo.InterfaceParameterInfo" uuid="989ded39-b99c-424c-9c29-07e3b79031eb"/>
    <messageInfo type="ModelRefInfoRepo.MessageInformation" uuid="e823860b-e038-4032-b494-38181db4cc76">
      <rootOutportInfo type="ModelRefInfoRepo.MessageRootPortInfo" uuid="fb79e49d-d24c-4564-a483-742b3296f896">
        <GrHierarchyMsgModeMap type="ModelRefInfoRepo.MessageModeMap" uuid="8db68911-5489-4bfd-b862-5acc4045e80f"/>
      </rootOutportInfo>
    </messageInfo>
    <methodInfo type="ModelRefInfoRepo.MethodExistenceInfo" uuid="0de8df8d-8457-4f44-93f7-9bd63aa572d1">
      <hasSystemInitializeMethod>true</hasSystemInitializeMethod>
      <hasTerminateMethod>true</hasTerminateMethod>
      <hasUpdateMethod>true</hasUpdateMethod>
    </methodInfo>
    <periodicEventPortUnsupportedBlockInfo type="ModelRefInfoRepo.PeriodicEventPortUnsupportedBlockInfo" uuid="6c539561-d02f-4992-b6da-77fbdd1a6d78"/>
    <portGroupsRequireSameRate type="ModelRefInfoRepo.PortGroupsRequireSameRate" uuid="1bc999fc-40b9-4ed1-ac97-86b29f2e1e7e">
      <DSMPortGroups type="ModelRefInfoRepo.NameToPortGroupIdxVectMap" uuid="8bdeb522-c3c6-4cc2-b993-edc56c2c434d"/>
      <GlobalDSMPortGroups type="ModelRefInfoRepo.NameToPortGroupIdxVectMap" uuid="5f9b3ef0-01a3-417a-ab6b-1a521ba2d16e"/>
      <mergedPortGroups type="ModelRefInfoRepo.NameToPortGroupIdxVectMap" uuid="d23e111b-7c67-45ba-a560-77e4d5e7cc18"/>
    </portGroupsRequireSameRate>
    <rateBasedMdlGlobalDSMRateSpec type="ModelRefInfoRepo.GlobalDSMRateSpecMap" uuid="6a38f45b-e29c-4211-9223-abf840d38371"/>
    <rateSpecOfGlobalDSMAccessedByDescExpFcnMdlMap type="ModelRefInfoRepo.GlobalDSMRateSpecMap" uuid="c726bbbe-7583-4953-800e-6490a52ece07"/>
    <rootBlockDiagramInterface type="ci.Model" uuid="7de0185f-6569-47f6-af39-29bd2f6aa2bf">
      <p_RootComponentInterface type="ci.ComponentInterface" uuid="76349f35-bb72-41a7-9b25-9ab4c0c3687f">
        <p_Name>SOA_demo_codegen</p_Name>
        <p_OutputPorts type="ci.SignalInterface" uuid="d2e4dfcf-30b3-4e07-8d6b-745cc86a09b3">
          <p_ComputedNumericDimensions>1.0</p_ComputedNumericDimensions>
          <p_ComputedSampleTime>-1.0</p_ComputedSampleTime>
          <p_ComputedSampleTime>0.0</p_ComputedSampleTime>
        </p_OutputPorts>
        <p_Type>ROOT</p_Type>
      </p_RootComponentInterface>
    </rootBlockDiagramInterface>
    <simulinkFunctions type="ModelRefInfoRepo.SimulinkFunctions" uuid="bfafd9f8-5b36-4145-94cd-737770efe078">
      <compFunctions type="ModelRefInfoRepo.CompFunction" uuid="a7a395ad-b4bc-4d38-bf16-05224aaa2904">
        <CGFunctionName>f</CGFunctionName>
        <CGIsCalled>true</CGIsCalled>
        <canInvokeConcurrently>true</canInvokeConcurrently>
        <eventName>a.f</eventName>
        <fullPathToFunction>SOA_demo_codegen/a_f</fullPathToFunction>
        <functionBlock>SOA_demo_codegen/Simulink Function</functionBlock>
        <functionName>f</functionName>
        <hasDeclaration>true</hasDeclaration>
        <isDefined>true</isDefined>
        <isDefinedInExpFcnHierarchy>true</isDefinedInExpFcnHierarchy>
        <isServiceFcn>true</isServiceFcn>
        <scopeName>a</scopeName>
        <sourceModel>SOA_demo_codegen</sourceModel>
        <variantFunctionBlockPath>SOA_demo_codegen/Simulink Function</variantFunctionBlockPath>
        <variantFunctionNetEMVCE type="ModelRefInfoRepo.VariantFunctionNetEMVCE" uuid="6f53eb3b-b815-4e2b-9a0c-4f8438fa40c4">
          <EMVCE>({true}_0)</EMVCE>
        </variantFunctionNetEMVCE>
        <visibility>Scoped Export</visibility>
        <fcnArgs type="ModelRefInfoRepo.CompFunctionArgs" uuid="474678f7-a915-4f81-ad70-6d6673176e08">
          <argIndexMap type="ModelRefInfoRepo.ArgIndexMap" uuid="b142df81-abc0-4529-b290-ee1971c591a9">
            <index>I0</index>
          </argIndexMap>
          <argIndexMap type="ModelRefInfoRepo.ArgIndexMap" uuid="bdde32ee-069e-4bd1-b6af-c3ebf2da2191">
            <index>O0</index>
            <position>1</position>
          </argIndexMap>
          <argNameMap type="ModelRefInfoRepo.ArgNameMap" uuid="6ea381b5-0702-4e8c-87a4-f24cd1264705">
            <name>u</name>
          </argNameMap>
          <argNameMap type="ModelRefInfoRepo.ArgNameMap" uuid="c09956fd-e2b1-4d81-ba38-066aef3dbbd0">
            <name>y</name>
            <position>1</position>
          </argNameMap>
          <inArgs type="ModelRefInfoRepo.CompFunctionArgInfo" uuid="04763889-fbf8-4a61-bbb1-babdf7183120">
            <dims>1</dims>
            <dataType type="ModelRefInfoRepo.CompDataType" uuid="13f4f3d3-1d03-46bf-9e70-b716ffe23912">
              <dataClass>Numeric</dataClass>
              <dataTypeName>numerictype(&apos;double&apos;)</dataTypeName>
            </dataType>
          </inArgs>
          <outArgs type="ModelRefInfoRepo.CompFunctionArgInfo" uuid="5815b9f8-a120-4524-b7ce-eb698de8b15b">
            <dims>1</dims>
            <dataType type="ModelRefInfoRepo.CompDataType" uuid="6d390d13-c7cd-4088-9888-109a0ae5167a">
              <dataClass>Numeric</dataClass>
              <dataTypeName>numerictype(&apos;double&apos;)</dataTypeName>
            </dataType>
          </outArgs>
          <returnArgIdx>-1</returnArgIdx>
        </fcnArgs>
      </compFunctions>
      <compServicePorts type="ModelRefInfoRepo.CompIOServicePort" uuid="2a4da652-ece3-4c51-87c5-2ea82c1b664b">
        <requestingServices type="ModelRefInfoRepo.CompPortBlockService" uuid="678156ef-739a-4c50-96c6-12fc0ec91934">
          <serverPortName>a</serverPortName>
          <compFcnFullPath>SOA_demo_codegen/a_f</compFcnFullPath>
          <serviceCGFcnName>f</serviceCGFcnName>
          <serviceName>f</serviceName>
          <serviceArgs type="ModelRefInfoRepo.CompFunctionArgs" uuid="f66bbac2-93a5-4560-8bd5-5abc0b37f5a3">
            <argIndexMap type="ModelRefInfoRepo.ArgIndexMap" uuid="4a7fbdb3-6cf9-4a59-8be2-b9cffe5c22a7">
              <index>I0</index>
            </argIndexMap>
            <argIndexMap type="ModelRefInfoRepo.ArgIndexMap" uuid="45cf7486-c713-4a36-a116-b7c515f1e73a">
              <index>O0</index>
              <position>1</position>
            </argIndexMap>
            <argNameMap type="ModelRefInfoRepo.ArgNameMap" uuid="0e74bde7-01e2-474f-8bd9-8e45517b2b9e">
              <name>u</name>
            </argNameMap>
            <argNameMap type="ModelRefInfoRepo.ArgNameMap" uuid="41357e67-ab4b-4901-8e92-64067e623fcf">
              <name>y</name>
              <position>1</position>
            </argNameMap>
            <inArgs type="ModelRefInfoRepo.CompFunctionArgInfo" uuid="c59b0e21-e7e3-4815-8fea-4b1db8e5da1d">
              <argumentType>1</argumentType>
              <dims>1</dims>
              <dataType type="ModelRefInfoRepo.CompDataType" uuid="1a53d885-d81b-4ea2-ba05-89e53a3eba9f">
                <dataClass>Numeric</dataClass>
                <dataTypeName>numerictype(&apos;double&apos;)</dataTypeName>
              </dataType>
            </inArgs>
            <outArgs type="ModelRefInfoRepo.CompFunctionArgInfo" uuid="a2155880-44b6-4ad4-b485-182046675b70">
              <argumentType>2</argumentType>
              <dims>1</dims>
              <dataType type="ModelRefInfoRepo.CompDataType" uuid="e8821b73-f11f-4c9d-8c84-15d0d4ef710b">
                <dataClass>Numeric</dataClass>
                <dataTypeName>numerictype(&apos;double&apos;)</dataTypeName>
              </dataType>
            </outArgs>
            <returnArgIdx>-1</returnArgIdx>
          </serviceArgs>
        </requestingServices>
        <servicePortKey type="ModelRefInfoRepo.ServicePortKey">
          <blockPath>SOA_demo_codegen/a_f</blockPath>
          <portType>SVC_IN_PORT</portType>
        </servicePortKey>
      </compServicePorts>
      <compSimulinkFunctionCatalog></compSimulinkFunctionCatalog>
    </simulinkFunctions>
    <sltpContext type="sltp.mm.core.Context" uuid="33176c32-9846-47ab-a359-c01d66face0f">
      <globalData type="sltp.mm.core.GlobalData" uuid="8edfd705-f6b6-4a8b-baba-4a033f4d14db">
        <dataName>porta_f</dataName>
        <type>RootOutport</type>
      </globalData>
      <globalData type="sltp.mm.core.GlobalData" uuid="27e0b876-28d1-4621-b93f-b71c143c135a">
        <dataName>porta_g</dataName>
        <type>RootOutport</type>
      </globalData>
      <globalData type="sltp.mm.core.GlobalData" uuid="d04b414d-52d0-447d-b028-801d425e9c78">
        <dataName>portb_f</dataName>
        <type>RootOutport</type>
      </globalData>
      <priorityDirection>HighNumberLast</priorityDirection>
      <editorState type="sltp.mm.core.EditorState" uuid="c10c48b9-050a-4c2e-9625-e1abca4feaad">
        <isSynchronized>true</isSynchronized>
        <panelState type="sltp.mm.core.EditorPanelState" uuid="5201ec29-d860-4a9c-91ad-6517356a39e8"/>
      </editorState>
      <rootTask type="sltp.mm.core.Task" uuid="26b8a365-4585-4226-988a-12f1dcf8b31d">
        <context type="sltp.mm.core.Context" uuid="33176c32-9846-47ab-a359-c01d66face0f"/>
        <explicit>false</explicit>
        <name>Default</name>
        <priority>-2147483648</priority>
        <subgraph type="sltp.mm.core.Graph" uuid="286f1a08-64bd-4380-99c5-7df8ba12245a">
          <tasks type="sltp.mm.core.Task" uuid="c080b65c-c2d5-4fc6-bae5-e97c4e9d28b7">
            <context type="sltp.mm.core.Context" uuid="33176c32-9846-47ab-a359-c01d66face0f"/>
            <id>1</id>
            <isSimulinkFunction>true</isSimulinkFunction>
            <name>f</name>
            <priority>-2147483648</priority>
            <rates type="sltp.mm.core.Rate" uuid="c94aca4d-54e4-4557-a079-11481eeb96a0">
              <annotation>F0</annotation>
              <color>341921535</color>
              <hasBlocks>true</hasBlocks>
              <rateSpec type="sltp.mm.core.RateSpec">
                <offset>-2.0</offset>
              </rateSpec>
              <sti>1</sti>
            </rates>
            <sourceBlocks>13</sourceBlocks>
          </tasks>
        </subgraph>
      </rootTask>
    </sltpContext>
    <stateWriterToOwnerMap type="ModelRefInfoRepo.StateWriterInfo" uuid="85020632-bad9-4e95-a028-521b89ae7ccf"/>
    <stoClientDataRegistry type="sto.ClientDataRegistry" uuid="1ae038db-57c4-4d1b-b454-b4a7227fac0e">
      <dataSets type="sto.ClientClockNamedDataSet" uuid="84616d59-5afc-4bb6-bca4-abdb20753784">
        <tag>sltpEvents</tag>
      </dataSets>
      <dataSets type="sto.ClientTaskHierarchyElementNamedDataSet" uuid="c98d7a49-ec69-479d-a53e-87f9ebc5c81e">
        <tag>sltpTaskGroups</tag>
      </dataSets>
      <dataSets type="sto.ClientTaskHierarchyElementNamedDataSet" uuid="7c641e98-68bd-4b67-9ddf-3a0054454a8e">
        <dSet type="ModelRefInfoRepo.SltpTaskData" uuid="3585bc26-7e36-4fb4-b579-4a43436bca48"/>
        <tSet type="ModelRefInfoRepo.SltpTaskData" uuid="3585bc26-7e36-4fb4-b579-4a43436bca48">
          <dataName>f</dataName>
          <linkedSet type="sto.ClientTaskHierarchyElementNamedDataSet" uuid="7c641e98-68bd-4b67-9ddf-3a0054454a8e"/>
          <id type="sto.TaskHierarchyElementId">
            <clockId>SOA_demo_codegen/Simulink Function,0,0</clockId>
            <id>SOA_demo_codegen/Simulink Function,0,0.ExplicitTask0</id>
          </id>
        </tSet>
        <tag>sltpTasks</tag>
      </dataSets>
    </stoClientDataRegistry>
    <varTsUIDMap type="ModelRefInfoRepo.VarTsUIDMap" uuid="fe81249f-6645-455d-9604-2f8f14c8bdcc"/>
  </ModelRefInfoRepo.ModelRefInfoRoot>
</MF0>